{"trial_id": "2", "hyperparameters": {"space": [{"class_name": "Int", "config": {"name": "units", "default": null, "conditions": [], "min_value": 128, "max_value": 512, "step": 128, "sampling": "linear"}}, {"class_name": "Float", "config": {"name": "dropout", "default": 0.2, "conditions": [], "min_value": 0.2, "max_value": 0.4, "step": 0.1, "sampling": "linear"}}, {"class_name": "Choice", "config": {"name": "learning_rate", "default": 0.01, "conditions": [], "values": [0.01, 0.001], "ordered": true}}], "values": {"units": 128, "dropout": 0.4, "learning_rate": 0.01}}, "metrics": {"metrics": {"accuracy": {"direction": "max", "observations": [{"value": [0.652999997138977], "step": 8}]}, "loss": {"direction": "min", "observations": [{"value": [0.009550444781780243], "step": 8}]}, "val_accuracy": {"direction": "max", "observations": [{"value": [0.6439999938011169], "step": 8}]}, "val_loss": {"direction": "min", "observations": [{"value": [1.0783212184906006], "step": 8}]}}}, "score": 0.6439999938011169, "best_step": 8, "status": "COMPLETED", "message": null}