{"trial_id": "1", "hyperparameters": {"space": [{"class_name": "Int", "config": {"name": "units", "default": null, "conditions": [], "min_value": 128, "max_value": 512, "step": 128, "sampling": "linear"}}, {"class_name": "Float", "config": {"name": "dropout", "default": 0.2, "conditions": [], "min_value": 0.2, "max_value": 0.4, "step": 0.1, "sampling": "linear"}}, {"class_name": "Choice", "config": {"name": "learning_rate", "default": 0.01, "conditions": [], "values": [0.01, 0.001], "ordered": true}}], "values": {"units": 384, "dropout": 0.30000000000000004, "learning_rate": 0.001}}, "metrics": {"metrics": {"accuracy": {"direction": "max", "observations": [{"value": [0.6940000057220459], "step": 7}]}, "loss": {"direction": "min", "observations": [{"value": [0.008604357950389385], "step": 7}]}, "val_accuracy": {"direction": "max", "observations": [{"value": [0.6840000152587891], "step": 7}]}, "val_loss": {"direction": "min", "observations": [{"value": [1.1029449701309204], "step": 7}]}}}, "score": 0.6840000152587891, "best_step": 7, "status": "COMPLETED", "message": null}