{"trial_id": "4", "hyperparameters": {"space": [{"class_name": "Int", "config": {"name": "units", "default": null, "conditions": [], "min_value": 128, "max_value": 512, "step": 128, "sampling": "linear"}}, {"class_name": "Float", "config": {"name": "dropout", "default": 0.2, "conditions": [], "min_value": 0.2, "max_value": 0.4, "step": 0.1, "sampling": "linear"}}, {"class_name": "Choice", "config": {"name": "learning_rate", "default": 0.01, "conditions": [], "values": [0.01, 0.001], "ordered": true}}], "values": {"units": 128, "dropout": 0.4, "learning_rate": 0.001}}, "metrics": {"metrics": {"accuracy": {"direction": "max", "observations": [{"value": [0.5410000085830688], "step": 9}]}, "loss": {"direction": "min", "observations": [{"value": [0.012628553435206413], "step": 9}]}, "val_accuracy": {"direction": "max", "observations": [{"value": [0.5680000185966492], "step": 9}]}, "val_loss": {"direction": "min", "observations": [{"value": [1.3447864055633545], "step": 9}]}}}, "score": 0.5680000185966492, "best_step": 9, "status": "COMPLETED", "message": null}