{"ongoing_trials": {}, "hyperparameters": {"space": [{"class_name": "Int", "config": {"name": "units", "default": null, "conditions": [], "min_value": 128, "max_value": 512, "step": 128, "sampling": "linear"}}, {"class_name": "Float", "config": {"name": "dropout", "default": 0.2, "conditions": [], "min_value": 0.2, "max_value": 0.4, "step": 0.1, "sampling": "linear"}}, {"class_name": "Choice", "config": {"name": "learning_rate", "default": 0.01, "conditions": [], "values": [0.01, 0.001], "ordered": true}}], "values": {"units": 128, "dropout": 0.2, "learning_rate": 0.01}}, "start_order": ["0", "1", "2", "3", "4"], "end_order": ["0", "1", "2", "3", "4"], "run_times": {"0": 1, "1": 1, "2": 1, "3": 1, "4": 1}, "retry_queue": [], "seed": 2382, "seed_state": 2400, "tried_so_far": ["37637254bd9b398ed4f5a52b05833017", "e1eeda2417ab2067b4c7829ea5ff270a", "72eefc3cae280269b62342e5e58728d1", "d5bff21c455b8791cd8eeab9d69ee153", "9736ce71d815c6bac6f963819b6e1f7b"], "id_to_hash": {"0": "e1eeda2417ab2067b4c7829ea5ff270a", "1": "9736ce71d815c6bac6f963819b6e1f7b", "2": "37637254bd9b398ed4f5a52b05833017", "3": "72eefc3cae280269b62342e5e58728d1", "4": "d5bff21c455b8791cd8eeab9d69ee153"}, "display": {"search_start": "2025-08-10T09:03:02.555534", "trial_start": {"0": "2025-08-10T09:03:02.555534", "1": "2025-08-10T09:03:06.171314", "2": "2025-08-10T09:03:08.275704", "3": "2025-08-10T09:03:10.330699", "4": "2025-08-10T09:03:12.356069"}, "trial_number": {"0": 1, "1": 2, "2": 3, "3": 4, "4": 5}}}