{"trial_id": "0", "hyperparameters": {"space": [{"class_name": "Int", "config": {"name": "units", "default": null, "conditions": [], "min_value": 128, "max_value": 512, "step": 128, "sampling": "linear"}}, {"class_name": "Float", "config": {"name": "dropout", "default": 0.2, "conditions": [], "min_value": 0.2, "max_value": 0.4, "step": 0.1, "sampling": "linear"}}, {"class_name": "Choice", "config": {"name": "learning_rate", "default": 0.01, "conditions": [], "values": [0.01, 0.001], "ordered": true}}], "values": {"units": 256, "dropout": 0.30000000000000004, "learning_rate": 0.01}}, "metrics": {"metrics": {"accuracy": {"direction": "max", "observations": [{"value": [0.7229999899864197], "step": 9}]}, "loss": {"direction": "min", "observations": [{"value": [0.007765617687255144], "step": 9}]}, "val_accuracy": {"direction": "max", "observations": [{"value": [0.6639999747276306], "step": 9}]}, "val_loss": {"direction": "min", "observations": [{"value": [1.1435487270355225], "step": 9}]}}}, "score": 0.6639999747276306, "best_step": 9, "status": "COMPLETED", "message": null}