{"trial_id": "3", "hyperparameters": {"space": [{"class_name": "Int", "config": {"name": "units", "default": null, "conditions": [], "min_value": 128, "max_value": 512, "step": 128, "sampling": "linear"}}, {"class_name": "Float", "config": {"name": "dropout", "default": 0.2, "conditions": [], "min_value": 0.2, "max_value": 0.4, "step": 0.1, "sampling": "linear"}}, {"class_name": "Choice", "config": {"name": "learning_rate", "default": 0.01, "conditions": [], "values": [0.01, 0.001], "ordered": true}}], "values": {"units": 256, "dropout": 0.4, "learning_rate": 0.001}}, "metrics": {"metrics": {"accuracy": {"direction": "max", "observations": [{"value": [0.5920000076293945], "step": 8}]}, "loss": {"direction": "min", "observations": [{"value": [0.011231866665184498], "step": 8}]}, "val_accuracy": {"direction": "max", "observations": [{"value": [0.5519999861717224], "step": 8}]}, "val_loss": {"direction": "min", "observations": [{"value": [1.2645245790481567], "step": 8}]}}}, "score": 0.5519999861717224, "best_step": 8, "status": "COMPLETED", "message": null}